,name,version,description,keywords,dependencies,devDependencies,communityInterest,downloadsCount,downloadsAcceleration,dependentsCount,quality,popularity,maintenance
0,lodash,4.17.21,Lodash modular utilities.,"['modules', 'stdlib', 'util']",,,56852,175394745.66666666,561790.0786529682,91889,0.6779972489515405,0.9832919824411644,0.9835760839038322
1,react,17.0.2,React is a JavaScript library for building user interfaces.,['react'],"{'loose-envify': '^1.1.0', 'object-assign': '^4.1.1'}",,207295,42328999.333333336,108413.48300989345,49446,0.9003979043794126,0.9429033738980093,0.9725458560303673
2,loose-envify,1.4.0,Fast (and loose) selective `process.env` replacer using js-tokens instead of an AST,"['environment', 'variables', 'browserify', 'browserify-transform', 'transform', 'source', 'configuration']",{'js-tokens': '^3.0.0 || ^4.0.0'},"{'browserify': '^13.1.1', 'envify': '^3.4.0', 'tap': '^8.0.0'}",278,56785779.0,98507.12136605784,516,0.9295726835687892,0.5922618050763575,0.9998651952945008
3,js-tokens,6.0.0,Tiny JavaScript tokenizer.,"['JavaScript', 'js', 'ECMAScript', 'es', 'token', 'tokens', 'tokenize', 'tokenizer', 'regex', 'regexp']",,,5,100306313.0,224345.29944824963,194,0.1989849939146585,0.5283854360498504,0.13700076530790864
4,object-assign,4.1.1,ES2015 `Object.assign()` ponyfill,"['object', 'assign', 'extend', 'properties', 'es2015', 'ecmascript', 'harmony', 'ponyfill', 'prollyfill', 'polyfill', 'shim', 'browser']",,"{'ava': '^0.16.0', 'lodash': '^4.16.4', 'matcha': '^0.7.0', 'xo': '^0.16.0'}",1067,105929912.33333333,317124.5145167429,6937,0.9554165595786436,0.7695949873987991,0.9998651952945008
5,chalk,4.1.0,Terminal string styling done right,"['color', 'colour', 'colors', 'terminal', 'console', 'cli', 'string', 'str', 'ansi', 'style', 'styles', 'tty', 'formatting', 'rgb', '256', 'shell', 'xterm', 'log', 'logging', 'command-line', 'text']","{'ansi-styles': '^4.1.0', 'supports-color': '^7.1.0'}","{'ava': '^2.4.0', 'coveralls': '^3.0.7', 'execa': '^4.0.0', 'import-fresh': '^3.1.0', 'matcha': '^0.7.0', 'nyc': '^15.0.0', 'resolve-from': '^5.0.0', 'tsd': '^0.7.4', 'xo': '^0.28.2'}",17627,270704432.0,948333.2457762556,56930,0.8944135914991744,0.9463422859896276,0.999894531306083
6,ansi-styles,5.2.0,ANSI escape codes for styling strings in the terminal,"['ansi', 'styles', 'color', 'colour', 'colors', 'terminal', 'console', 'cli', 'string', 'tty', 'escape', 'formatting', 'rgb', '256', 'shell', 'xterm', 'log', 'logging', 'command-line', 'text']",,"{'ava': '^2.4.0', 'svg-term-cli': '^2.1.1', 'tsd': '^0.14.0', 'xo': '^0.37.1'}",402,273069761.6666667,1151955.187480974,549,0.8348371147464844,0.6517165355241257,0.999894531306083
7,supports-color,8.1.1,Detect whether a terminal supports color,"['color', 'colour', 'colors', 'terminal', 'console', 'cli', 'ansi', 'styles', 'tty', 'rgb', '256', 'shell', 'xterm', 'command-line', 'support', 'supports', 'capability', 'detect', 'truecolor', '16m']",{'has-flag': '^4.0.0'},"{'ava': '^2.4.0', 'import-fresh': '^3.2.2', 'xo': '^0.35.0'}",344,314798422.3333333,901148.04543379,794,0.8348371147464844,0.6610269619943957,0.9999407017684381
8,has-flag,4.0.0,Check if argv has a specific flag,"['has', 'check', 'detect', 'contains', 'find', 'flag', 'cli', 'command-line', 'argv', 'process', 'arg', 'args', 'argument', 'arguments', 'getopt', 'minimist', 'optimist']",,"{'ava': '^1.4.1', 'tsd': '^0.7.2', 'xo': '^0.24.0'}",86,185537300.66666666,625184.9615296801,221,0.9554165595786436,0.5857204614774358,0.9999405727453268
9,tslib,2.1.0,Runtime library for TypeScript helper functions,"['TypeScript', 'Microsoft', 'compiler', 'language', 'javascript', 'tslib', 'runtime']",,,920,149239181.0,745092.7449391172,39054,0.8540986051313582,0.8235146183602569,0.6665514235070469
10,axios,0.21.1,Promise based HTTP client for the browser and node.js,"['xhr', 'http', 'ajax', 'promise', 'node']",{'follow-redirects': '^1.10.0'},"{'bundlesize': '^0.17.0', 'coveralls': '^3.0.0', 'es6-promise': '^4.2.4', 'grunt': '^1.0.2', 'grunt-banner': '^0.6.0', 'grunt-cli': '^1.2.0', 'grunt-contrib-clean': '^1.1.0', 'grunt-contrib-watch': '^1.0.0', 'grunt-eslint': '^20.1.0', 'grunt-karma': '^2.0.0', 'grunt-mocha-test': '^0.13.3', 'grunt-ts': '^6.0.0-beta.19', 'grunt-webpack': '^1.0.18', 'istanbul-instrumenter-loader': '^1.0.0', 'jasmine-core': '^2.4.1', 'karma': '^1.3.0', 'karma-chrome-launcher': '^2.2.0', 'karma-coverage': '^1.1.1', 'karma-firefox-launcher': '^1.1.0', 'karma-jasmine': '^1.1.1', 'karma-jasmine-ajax': '^0.1.13', 'karma-opera-launcher': '^1.0.0', 'karma-safari-launcher': '^1.0.0', 'karma-sauce-launcher': '^1.2.0', 'karma-sinon': '^1.0.5', 'karma-sourcemap-loader': '^0.3.7', 'karma-webpack': '^1.7.0', 'load-grunt-tasks': '^3.5.2', 'minimist': '^1.2.0', 'mocha': '^5.2.0', 'sinon': '^4.5.0', 'typescript': '^2.8.1', 'url-search-params': '^0.10.0', 'webpack': '^1.13.1', 'webpack-dev-server': '^1.14.1'}",92796,74501466.66666667,299821.730783866,37491,0.8995730038310638,0.9689188191449003,0.6623493526718395
11,follow-redirects,1.13.3,HTTP and HTTPS modules that follow redirects.,"['http', 'https', 'url', 'redirect', 'client', 'location', 'utility']",,"{'concat-stream': '^2.0.0', 'eslint': '^5.16.0', 'express': '^4.16.4', 'lolex': '^3.1.0', 'mocha': '^6.0.2', 'nyc': '^14.1.1'}",418,97024268.33333333,399856.1875570775,519,0.9883321884477054,0.6373548394780291,0.999894531306083
12,express,4.17.1,"Fast, unopinionated, minimalist web framework","['express', 'framework', 'sinatra', 'web', 'rest', 'restful', 'router', 'app', 'api']","{'accepts': '~1.3.7', 'array-flatten': '1.1.1', 'body-parser': '1.19.0', 'content-disposition': '0.5.3', 'content-type': '~1.0.4', 'cookie': '0.4.0', 'cookie-signature': '1.0.6', 'debug': '2.6.9', 'depd': '~1.1.2', 'encodeurl': '~1.0.2', 'escape-html': '~1.0.3', 'etag': '~1.8.1', 'finalhandler': '~1.1.2', 'fresh': '0.5.2', 'merge-descriptors': '1.0.1', 'methods': '~1.1.2', 'on-finished': '~2.3.0', 'parseurl': '~1.3.3', 'path-to-regexp': '0.1.7', 'proxy-addr': '~2.0.5', 'qs': '6.7.0', 'range-parser': '~1.2.1', 'safe-buffer': '5.1.2', 'send': '0.17.1', 'serve-static': '1.14.1', 'setprototypeof': '1.1.1', 'statuses': '~1.5.0', 'type-is': '~1.6.18', 'utils-merge': '1.0.1', 'vary': '~1.1.2'}","{'after': '0.8.2', 'connect-redis': '3.4.1', 'cookie-parser': '~1.4.4', 'cookie-session': '1.3.3', 'ejs': '2.6.1', 'eslint': '2.13.1', 'express-session': '1.16.1', 'hbs': '4.0.4', 'istanbul': '0.4.5', 'marked': '0.6.2', 'method-override': '3.0.0', 'mocha': '5.2.0', 'morgan': '1.9.1', 'multiparty': '4.2.1', 'pbkdf2-password': '1.2.1', 'should': '13.2.3', 'supertest': '3.3.0', 'vhost': '~3.0.2'}",65750,67021014.333333336,133868.55743911723,40080,0.8835856646254401,0.9490644678667313,0.562920307306761
13,accepts,1.3.7,Higher-level content negotiation,"['content', 'negotiation', 'accept', 'accepts']","{'mime-types': '~2.1.24', 'negotiator': '0.6.2'}","{'deep-equal': '1.0.1', 'eslint': '5.16.0', 'eslint-config-standard': '12.0.0', 'eslint-plugin-import': '2.17.2', 'eslint-plugin-markdown': '1.0.0', 'eslint-plugin-node': '8.0.1', 'eslint-plugin-promise': '4.1.1', 'eslint-plugin-standard': '4.0.0', 'mocha': '6.1.4', 'nyc': '14.0.0'}",278,66765313.333333336,128921.62267884333,550,0.8999999999999999,0.6043446095643724,0.999894531306083
14,mime-types,2.1.30,The ultimate javascript content-type utility.,"['mime', 'types']",{'mime-db': '1.47.0'},"{'eslint': '7.23.0', 'eslint-config-standard': '14.1.1', 'eslint-plugin-import': '2.22.1', 'eslint-plugin-markdown': '2.0.0', 'eslint-plugin-node': '11.1.0', 'eslint-plugin-promise': '4.3.1', 'eslint-plugin-standard': '4.1.0', 'mocha': '8.3.2', 'nyc': '15.1.0'}",1041,139978975.0,371683.7631659056,2426,0.8999999999999999,0.7309786705832009,0.9999045475247557
15,mime-db,1.47.0,Media Type Database,"['mime', 'db', 'type', 'types', 'database', 'charset', 'charsets']",,"{'bluebird': '3.7.2', 'co': '4.6.0', 'cogent': '1.0.1', 'csv-parse': '4.15.3', 'eslint': '7.23.0', 'eslint-config-standard': '15.0.1', 'eslint-plugin-import': '2.22.1', 'eslint-plugin-markdown': '2.0.0', 'eslint-plugin-node': '11.1.0', 'eslint-plugin-promise': '4.3.1', 'eslint-plugin-standard': '4.1.0', 'gnode': '0.1.2', 'mocha': '8.3.2', 'nyc': '15.1.0', 'raw-body': '2.4.1', 'stream-to-array': '2.3.0'}",889,157770406.66666666,535796.891933029,299,0.8999999999999999,0.651142562435222,0.8766096954772437
16,negotiator,0.6.2,HTTP content negotiation,"['http', 'content negotiation', 'accept', 'accept-language', 'accept-encoding', 'accept-charset']",,"{'eslint': '5.16.0', 'eslint-plugin-markdown': '1.0.0', 'mocha': '6.1.4', 'nyc': '14.0.0'}",269,66079665.333333336,127146.35781963472,245,0.9174246488689691,0.5766599152368432,0.19210109066143594
17,array-flatten,3.0.0,Flatten nested arrays,"['array', 'flatten', 'arguments', 'depth', 'fast', 'for']",,"{'@size-limit/preset-small-lib': '^2.2.1', '@types/jest': '^24.0.23', '@types/node': '^12.12.11', 'benchmarked': '^2.0.0', 'husky': '^3.1.0', 'jest': '^24.9.0', 'lint-staged': '^9.4.3', 'prettier': '^1.19.1', 'ts-expect': '^1.1.0', 'ts-jest': '^24.1.0', 'tslint': '^5.20.1', 'tslint-config-prettier': '^1.18.0', 'tslint-config-standard': '^9.0.0', 'typescript': '^3.7.2'}",115,93046030.66666667,246607.88489345508,353,0.989472659492533,0.5882647587453123,0.999894531306083
18,body-parser,1.19.0,Node.js body parsing middleware,,"{'bytes': '3.1.0', 'content-type': '~1.0.4', 'debug': '2.6.9', 'depd': '~1.1.2', 'http-errors': '1.7.2', 'iconv-lite': '0.4.24', 'on-finished': '~2.3.0', 'qs': '6.7.0', 'raw-body': '2.4.0', 'type-is': '~1.6.17'}","{'eslint': '5.16.0', 'eslint-config-standard': '12.0.0', 'eslint-plugin-import': '2.17.2', 'eslint-plugin-markdown': '1.0.0', 'eslint-plugin-node': '8.0.1', 'eslint-plugin-promise': '4.1.1', 'eslint-plugin-standard': '4.0.0', 'istanbul': '0.4.5', 'methods': '1.1.2', 'mocha': '6.1.4', 'safe-buffer': '5.1.2', 'supertest': '4.0.2'}",6072,67370602.66666667,147402.33481735166,14184,0.9391886619452264,0.8409345256508446,0.44357205887946133
19,bytes,3.1.0,Utility to parse a string bytes to bytes and vice-versa,"['byte', 'bytes', 'utility', 'parse', 'parser', 'convert', 'converter']",,"{'eslint': '5.12.1', 'mocha': '5.2.0', 'nyc': '13.1.0'}",472,116073687.33333333,329356.7796803651,814,0.8999999999999999,0.6587935329703707,0.999894531306083
20,content-type,1.0.4,Create and parse HTTP Content-Type header,"['content-type', 'http', 'req', 'res', 'rfc7231']",,"{'eslint': '3.19.0', 'eslint-config-standard': '10.2.1', 'eslint-plugin-import': '2.7.0', 'eslint-plugin-node': '5.1.1', 'eslint-plugin-promise': '3.5.0', 'eslint-plugin-standard': '3.0.1', 'istanbul': '0.4.5', 'mocha': '~1.21.5'}",148,59947838.666666664,146891.67538051744,635,0.9995248552319843,0.5941193353145413,0.999894531306083
21,debug,4.3.1,small debugging utility,"['debug', 'log', 'debugger']",{'ms': '2.1.2'},"{'brfs': '^2.0.1', 'browserify': '^16.2.3', 'coveralls': '^3.0.2', 'istanbul': '^0.4.5', 'karma': '^3.1.4', 'karma-browserify': '^6.0.0', 'karma-chrome-launcher': '^2.2.0', 'karma-mocha': '^1.3.0', 'mocha': '^5.2.0', 'mocha-lcov-reporter': '^1.2.0', 'xo': '^0.23.0'}",11146,397907693.3333333,1312313.881259513,29508,0.8176883930011646,0.9204994668720634,0.6560319863995477
22,ms,2.1.3,Tiny millisecond conversion utility,,,"{'eslint': '4.18.2', 'expect.js': '0.3.1', 'husky': '0.14.3', 'lint-staged': '5.0.0', 'mocha': '4.0.1', 'prettier': '2.0.5'}",3788,344737764.6666667,1391854.4910768648,1686,0.8348371147464844,0.7717309653744484,0.999894531306083
23,depd,2.0.0,Deprecate all the things,"['deprecate', 'deprecated']",,"{'benchmark': '2.1.4', 'beautify-benchmark': '0.2.4', 'eslint': '5.7.0', 'eslint-config-standard': '12.0.0', 'eslint-plugin-import': '2.14.0', 'eslint-plugin-markdown': '1.0.0-beta.7', 'eslint-plugin-node': '7.0.1', 'eslint-plugin-promise': '4.0.1', 'eslint-plugin-standard': '4.0.0', 'istanbul': '0.4.5', 'mocha': '5.2.0', 'safe-buffer': '5.1.2', 'uid-safe': '2.1.5'}",376,88381469.0,199447.69533866062,564,0.8999999999999999,0.6274276658859854,0.999894531306083
24,http-errors,1.8.0,Create HTTP error objects,"['http', 'error']","{'depd': '~1.1.2', 'inherits': '2.0.4', 'setprototypeof': '1.2.0', 'statuses': '>= 1.5.0 < 2', 'toidentifier': '1.0.0'}","{'eslint': '6.8.0', 'eslint-config-standard': '14.1.1', 'eslint-plugin-import': '2.22.0', 'eslint-plugin-markdown': '1.0.2', 'eslint-plugin-node': '11.1.0', 'eslint-plugin-promise': '4.2.1', 'eslint-plugin-standard': '4.0.1', 'mocha': '8.0.1', 'nyc': '15.1.0'}",1203,140457361.0,347848.52994672745,1382,0.839663806713242,0.7120655903286734,0.999894531306083
25,inherits,2.0.4,Browser-friendly inheritance fully compatible with standard node.js inherits(),"['inheritance', 'class', 'klass', 'oop', 'object-oriented', 'inherits', 'browser', 'browserify']",,{'tap': '^14.2.4'},477,219886617.0,738381.2609969559,2360,0.8179011286168503,0.712873049688668,0.9998651952945008
26,setprototypeof,1.2.0,A small polyfill for Object.setprototypeof,"['polyfill', 'object', 'setprototypeof']",,"{'mocha': '^6.1.4', 'standard': '^13.0.2'}",63,111700711.0,273836.94461567723,213,0.9198357047686554,0.5667556201948357,0.9998889709777594
27,statuses,2.0.1,HTTP status utility,"['http', 'status', 'code']",,"{'csv-parse': '4.14.2', 'eslint': '7.17.0', 'eslint-config-standard': '14.1.1', 'eslint-plugin-import': '2.22.1', 'eslint-plugin-markdown': '1.0.2', 'eslint-plugin-node': '11.1.0', 'eslint-plugin-promise': '4.2.1', 'eslint-plugin-standard': '4.1.0', 'mocha': '8.2.1', 'nyc': '15.1.0', 'raw-body': '2.4.1', 'stream-to-array': '2.3.0'}",291,81054208.66666667,198853.6473554034,442,0.8999999999999999,0.6102434548689984,0.999894531306083
28,toidentifier,1.0.0,Convert a string of words to a JavaScript identifier,,,"{'eslint': '4.19.1', 'eslint-config-standard': '11.0.0', 'eslint-plugin-import': '2.11.0', 'eslint-plugin-markdown': '1.0.0-beta.6', 'eslint-plugin-node': '6.0.1', 'eslint-plugin-promise': '3.7.0', 'eslint-plugin-standard': '3.1.0', 'mocha': '1.21.5', 'nyc': '11.8.0'}",18,67607536.33333333,218534.28555936064,56,0.989472659492533,0.5011620646767404,0.9999405727453268
29,iconv-lite,0.6.2,Convert character encodings in pure javascript.,"['iconv', 'convert', 'charset', 'icu']",{'safer-buffer': '>= 2.1.2 < 3.0.0'},"{'async': '^3.2.0', 'c8': '^7.2.0', 'errto': '^0.2.1', 'iconv': '^2.3.5', 'mocha': '^3.5.3', 'request': '^2.88.2', 'semver': '^6.3.0', 'unorm': '^1.6.0'}",2989,121539777.66666667,375241.9327245053,2553,0.875629095060401,0.76973448546479,0.6036304566716277
30,safer-buffer,2.1.2,Modern Buffer API polyfill without footguns,,,"{'standard': '^11.0.1', 'tape': '^4.9.0'}",42,93222102.33333333,307788.67562785384,155,0.9652113103015547,0.5490742645237908,0.9998651952945008
31,on-finished,2.3.0,"Execute a callback when a request closes, finishes, or errors",,{'ee-first': '1.1.1'},"{'istanbul': '0.3.9', 'mocha': '2.2.5'}",416,63178567.666666664,149605.30028538813,769,0.9831014645372192,0.627987494807706,0.999894531306083
32,ee-first,1.1.1,return the first event in a set of ee/event pairs,,,"{'istanbul': '0.3.9', 'mocha': '2.2.5'}",65,64353911.666666664,156568.072108067,135,0.972536673362899,0.5335750950523872,0.9999405727453268
33,qs,6.10.1,"A querystring parser that supports nesting and arrays, with a depth limit","['querystring', 'qs', 'query', 'url', 'parse', 'stringify']",{'side-channel': '^1.0.4'},"{'@ljharb/eslint-config': '^17.5.1', 'aud': '^1.1.4', 'browserify': '^16.5.2', 'eclint': '^2.8.1', 'eslint': '^7.22.0', 'evalmd': '^0.0.19', 'for-each': '^0.3.3', 'has-symbols': '^1.0.2', 'iconv-lite': '^0.5.1', 'in-publish': '^2.0.1', 'mkdirp': '^0.5.5', 'nyc': '^10.3.2', 'object-inspect': '^1.9.0', 'qs-iconv': '^1.0.4', 'safe-publish-latest': '^1.1.4', 'safer-buffer': '^2.1.2', 'tape': '^5.2.2'}",6973,212771873.0,654898.609741248,6372,0.9659424515702112,0.8516037838113377,0.6666295788960543
34,side-channel,1.0.4,Store information about any JS value in a side channel. Uses WeakMap if available.,"['weakmap', 'map', 'side', 'channel', 'metadata']","{'call-bind': '^1.0.0', 'get-intrinsic': '^1.0.2', 'object-inspect': '^1.9.0'}","{'@ljharb/eslint-config': '^17.3.0', 'aud': '^1.1.3', 'auto-changelog': '^2.2.1', 'eslint': '^7.16.0', 'nyc': '^10.3.2', 'safe-publish-latest': '^1.1.4', 'tape': '^5.0.1'}",11,26944982.666666668,120850.7676369863,30,0.8068714805892145,0.4420493135626465,0.9999233855325751
35,call-bind,1.0.2,Robustly `.call.bind()` a function,"['javascript', 'ecmascript', 'es', 'js', 'callbind', 'callbound', 'call', 'bind', 'bound', 'call-bind', 'call-bound', 'function', 'es-abstract']","{'function-bind': '^1.1.1', 'get-intrinsic': '^1.0.2'}","{'@ljharb/eslint-config': '^17.3.0', 'aud': '^1.1.3', 'auto-changelog': '^2.2.1', 'eslint': '^7.17.0', 'nyc': '^10.3.2', 'safe-publish-latest': '^1.1.4', 'tape': '^5.1.1'}",5,51408470.333333336,534876.102130898,88,0.8532037387504237,0.49795969790467154,0.9998651952945008
36,function-bind,1.1.1,Implementation of Function.prototype.bind,"['function', 'bind', 'shim', 'es5']",,"{'@ljharb/eslint-config': '^12.2.1', 'covert': '^1.1.0', 'eslint': '^4.5.0', 'jscs': '^3.0.7', 'tape': '^4.8.0'}",145,74265774.33333333,266466.4475076103,194,0.9240990074750551,0.5703175207204609,0.9999405727453268
37,get-intrinsic,1.1.1,Get and robustly cache all JS language-level intrinsics at first require time,"['javascript', 'ecmascript', 'es', 'js', 'intrinsic', 'getintrinsic', 'es-abstract']","{'function-bind': '^1.1.1', 'has': '^1.0.3', 'has-symbols': '^1.0.1'}","{'@ljharb/eslint-config': '^17.5.0', 'aud': '^1.1.3', 'auto-changelog': '^2.2.1', 'call-bind': '^1.0.2', 'es-abstract': '^1.18.0-next.2', 'es-value-fixtures': '^1.0.0', 'eslint': '^7.19.0', 'evalmd': '^0.0.19', 'foreach': '^2.0.5', 'has-bigints': '^1.0.1', 'make-async-function': '^1.0.0', 'make-async-generator-function': '^1.0.0', 'make-generator-function': '^2.0.0', 'nyc': '^10.3.2', 'object-inspect': '^1.9.0', 'tape': '^5.1.1'}",5,58424139.0,573431.6617960426,48,0.9975317400828351,0.4892450330454753,0.9999116786162452
38,has,1.0.3,Object.prototype.hasOwnProperty.call shortcut,,{'function-bind': '^1.1.1'},"{'@ljharb/eslint-config': '^12.2.1', 'eslint': '^4.19.1', 'tape': '^4.9.0'}",69,75856164.0,276858.5168188736,314,0.7980264522396994,0.5715503324726142,0.999894531306083
39,has-symbols,1.0.2,"Determine if the JS environment has Symbol support. Supports spec, or shams.","['Symbol', 'symbols', 'typeof', 'sham', 'polyfill', 'native', 'core-js', 'ES6']",,"{'@ljharb/eslint-config': '^17.5.1', 'aud': '^1.1.4', 'auto-changelog': '^2.2.1', 'core-js': '^2.6.12', 'eslint': '^7.20.0', 'get-own-property-symbols': '^0.9.5', 'nyc': '^10.3.2', 'safe-publish-latest': '^1.1.4', 'tape': '^5.2.0'}",14,78116097.0,231183.2351407915,112,0.9659424515702112,0.5186413521319311,0.999894531306083
40,object-inspect,1.9.0,string representations of objects in node and the browser,"['inspect', 'util.inspect', 'object', 'stringify', 'pretty']",,"{'@ljharb/eslint-config': '^17.3.0', 'aud': '^1.1.3', 'core-js': '^2.6.12', 'eslint': '^7.14.0', 'for-each': '^0.3.3', 'nyc': '^10.3.2', 'safe-publish-latest': '^1.1.4', 'string.prototype.repeat': '^1.0.0', 'tape': '^5.0.1'}",138,75102467.0,226480.91181506857,139,0.8792862294975092,0.558411460984318,0.999894531306083
41,raw-body,2.4.1,Get and validate the raw body of a readable stream.,,"{'bytes': '3.1.0', 'http-errors': '1.7.3', 'iconv-lite': '0.4.24', 'unpipe': '1.0.0'}","{'bluebird': '3.5.5', 'eslint': '6.0.1', 'eslint-config-standard': '12.0.0', 'eslint-plugin-import': '2.18.0', 'eslint-plugin-markdown': '1.0.0', 'eslint-plugin-node': '9.1.0', 'eslint-plugin-promise': '4.2.1', 'eslint-plugin-standard': '4.0.0', 'istanbul': '0.4.5', 'mocha': '6.1.4', 'readable-stream': '2.3.6', 'safe-buffer': '5.1.2'}",383,79039964.66666667,164147.55833333347,663,0.9391886619452264,0.627984550875866,0.999894531306083
42,unpipe,1.0.0,Unpipe a stream from all destinations,,,"{'istanbul': '0.3.15', 'mocha': '2.2.5', 'readable-stream': '1.1.13'}",31,65287832.0,149596.84554794524,156,0.9831014645372192,0.5256358450404296,0.9999405727453268
43,type-is,1.6.18,Infer the content-type of a request.,"['content', 'type', 'checking']","{'media-typer': '0.3.0', 'mime-types': '~2.1.24'}","{'eslint': '5.16.0', 'eslint-config-standard': '12.0.0', 'eslint-plugin-import': '2.17.2', 'eslint-plugin-markdown': '1.0.0', 'eslint-plugin-node': '8.0.1', 'eslint-plugin-promise': '4.1.1', 'eslint-plugin-standard': '4.0.0', 'mocha': '6.1.4', 'nyc': '14.0.0'}",256,62762820.0,141333.32461948256,554,0.8910921101197796,0.6023987765257514,0.999894531306083
44,media-typer,1.1.0,Simple RFC 6838 media type parser and formatter,,,"{'eslint': '5.16.0', 'eslint-config-standard': '12.0.0', 'eslint-plugin-import': '2.17.2', 'eslint-plugin-markdown': '1.0.0', 'eslint-plugin-node': '8.0.1', 'eslint-plugin-promise': '4.1.1', 'eslint-plugin-standard': '4.0.0', 'mocha': '6.1.4', 'nyc': '14.0.0'}",68,61819403.0,153180.81385083718,208,0.8999999999999999,0.5446280865942148,0.999894531306083
45,content-disposition,0.5.3,Create and parse Content-Disposition header,"['content-disposition', 'http', 'rfc6266', 'res']",{'safe-buffer': '5.1.2'},"{'deep-equal': '1.0.1', 'eslint': '5.10.0', 'eslint-config-standard': '12.0.0', 'eslint-plugin-import': '2.14.0', 'eslint-plugin-markdown': '1.0.0-rc.1', 'eslint-plugin-node': '7.0.1', 'eslint-plugin-promise': '4.0.1', 'eslint-plugin-standard': '4.0.0', 'istanbul': '0.4.5', 'mocha': '5.2.0'}",224,82985481.66666667,324029.80055175035,396,0.9085167589887488,0.606889835075462,0.16666666666666666
46,safe-buffer,5.2.1,Safer Node.js Buffer API,"['buffer', 'buffer allocate', 'node security', 'safe', 'safe-buffer', 'security', 'uninitialized']",,"{'standard': '*', 'tape': '^5.0.0'}",347,198989375.33333334,658561.7837899544,1141,0.9683341419631268,0.6737834825817377,0.999925726878756
47,cookie,0.4.1,HTTP server cookie parsing and serialization,"['cookie', 'cookies']",,"{'beautify-benchmark': '0.2.4', 'benchmark': '2.1.4', 'eslint': '6.8.0', 'eslint-plugin-markdown': '1.0.2', 'mocha': '7.1.1', 'nyc': '15.0.1'}",1067,89172183.33333333,236061.64750761027,1658,0.8178997936369847,0.7028124890309244,0.521837661899448
48,cookie-signature,1.1.0,Sign and unsign cookies,"['cookie', 'sign', 'unsign']",,"{'mocha': '*', 'should': '*'}",170,63154036.0,166890.26388888888,385,0.8284659197911706,0.5835129585632447,0.999894531306083
49,encodeurl,1.0.2,"Encode a URL to a percent-encoded form, excluding already-encoded sequences","['encode', 'encodeurl', 'url']",,"{'eslint': '3.19.0', 'eslint-config-standard': '10.2.1', 'eslint-plugin-import': '2.8.0', 'eslint-plugin-node': '5.2.1', 'eslint-plugin-promise': '3.6.0', 'eslint-plugin-standard': '3.0.1', 'istanbul': '0.4.5', 'mocha': '2.5.3'}",46,64134921.666666664,158321.1321537291,275,0.9995248552319843,0.5481736485013706,0.9999405727453268
50,escape-html,1.0.3,Escape string for use in HTML,"['escape', 'html', 'utility']",,"{'benchmark': '1.0.0', 'beautify-benchmark': '0.2.4'}",426,65631111.333333336,164119.61756088282,955,0.6798079464592002,0.6394959308928656,0.4999886023720551
51,etag,1.8.1,Create simple HTTP ETags,"['etag', 'http', 'res']",,"{'beautify-benchmark': '0.2.4', 'benchmark': '2.1.4', 'eslint': '3.19.0', 'eslint-config-standard': '10.2.1', 'eslint-plugin-import': '2.7.0', 'eslint-plugin-markdown': '1.0.0-beta.6', 'eslint-plugin-node': '5.1.1', 'eslint-plugin-promise': '3.5.0', 'eslint-plugin-standard': '3.0.1', 'istanbul': '0.4.5', 'mocha': '1.21.5', 'safe-buffer': '5.1.1', 'seedrandom': '2.4.3'}",249,66417935.333333336,154611.85239726026,717,0.9995248552319843,0.6142035009695271,0.999894531306083
52,finalhandler,1.1.2,Node.js final http responder,,"{'debug': '2.6.9', 'encodeurl': '~1.0.2', 'escape-html': '~1.0.3', 'on-finished': '~2.3.0', 'parseurl': '~1.3.3', 'statuses': '~1.5.0', 'unpipe': '~1.0.0'}","{'eslint': '5.16.0', 'eslint-config-standard': '12.0.0', 'eslint-plugin-import': '2.17.2', 'eslint-plugin-markdown': '1.0.0', 'eslint-plugin-node': '8.0.1', 'eslint-plugin-promise': '4.1.1', 'eslint-plugin-standard': '4.0.0', 'istanbul': '0.4.5', 'mocha': '6.1.4', 'readable-stream': '2.3.6', 'safe-buffer': '5.1.2', 'supertest': '4.0.2'}",261,69129521.33333333,145343.79509132414,576,0.9391886619452264,0.6075072269089191,0.999894531306083
53,parseurl,1.3.3,parse a url with memoization,,,"{'beautify-benchmark': '0.2.4', 'benchmark': '2.1.4', 'eslint': '5.16.0', 'eslint-config-standard': '12.0.0', 'eslint-plugin-import': '2.17.1', 'eslint-plugin-node': '7.0.1', 'eslint-plugin-promise': '4.1.1', 'eslint-plugin-standard': '4.0.0', 'fast-url-parser': '1.1.3', 'istanbul': '0.4.5', 'mocha': '6.1.3'}",223,65563234.0,168058.67231735156,701,0.8999999999999999,0.6117453537160946,0.9999103147028916
54,fresh,0.5.2,HTTP response freshness testing,"['fresh', 'http', 'conditional', 'cache']",,"{'beautify-benchmark': '0.2.4', 'benchmark': '2.1.4', 'eslint': '3.19.0', 'eslint-config-standard': '10.2.1', 'eslint-plugin-import': '2.7.0', 'eslint-plugin-markdown': '1.0.0-beta.6', 'eslint-plugin-node': '5.1.1', 'eslint-plugin-promise': '3.5.0', 'eslint-plugin-standard': '3.0.1', 'istanbul': '0.4.5', 'mocha': '1.21.5'}",201,62128014.0,155876.12526636227,444,0.9174246488689691,0.5904130606972408,0.16666666666666666
55,merge-descriptors,1.0.1,Merge objects using descriptors,,,"{'istanbul': '0.4.1', 'mocha': '1.21.5'}",157,58319755.333333336,126327.12690258748,320,0.9831014645372192,0.5686509111483135,0.999894531306083
56,methods,1.1.2,HTTP methods that node supports,"['http', 'methods']",,"{'istanbul': '0.4.1', 'mocha': '1.21.5'}",223,62928265.0,135143.01105403353,694,0.9831014645372192,0.6064998865431042,0.999894531306083
57,path-to-regexp,6.2.0,Express style path to RegExp utility,"['express', 'regexp', 'route', 'routing']",,"{'@size-limit/preset-small-lib': '^4.5.6', '@types/jest': '^26.0.9', '@types/node': '^14.0.27', '@types/semver': '^7.3.1', 'husky': '^4.2.5', 'jest': '^26.2.2', 'lint-staged': '^10.2.11', 'prettier': '^2.0.5', 'rimraf': '^3.0.0', 'semver': '^7.3.2', 'size-limit': '^4.5.6', 'ts-jest': '^26.1.4', 'tslint': '^6.1.3', 'tslint-config-prettier': '^1.18.0', 'tslint-config-standard': '^9.0.0', 'typescript': '^4.0.3'}",6672,95163568.0,190849.13274353114,3098,0.9995248552319843,0.7982587333733151,0.999894531306083
58,proxy-addr,2.0.6,Determine address of proxied request,"['ip', 'proxy', 'x-forwarded-for']","{'forwarded': '~0.1.2', 'ipaddr.js': '1.9.1'}","{'benchmark': '2.1.4', 'beautify-benchmark': '0.2.4', 'deep-equal': '1.0.1', 'eslint': '6.8.0', 'eslint-config-standard': '14.1.0', 'eslint-plugin-import': '2.20.1', 'eslint-plugin-markdown': '1.0.1', 'eslint-plugin-node': '11.0.0', 'eslint-plugin-promise': '4.2.1', 'eslint-plugin-standard': '4.0.1', 'mocha': '7.0.1', 'nyc': '15.0.0'}",142,60877281.333333336,103618.32454337901,234,0.8910921101197796,0.5545735130996797,0.999894531306083
59,forwarded,0.1.2,Parse HTTP X-Forwarded-For header,"['x-forwarded-for', 'http', 'req']",,"{'beautify-benchmark': '0.2.4', 'benchmark': '2.1.4', 'eslint': '3.19.0', 'eslint-config-standard': '10.2.1', 'eslint-plugin-import': '2.7.0', 'eslint-plugin-node': '5.1.1', 'eslint-plugin-promise': '3.5.0', 'eslint-plugin-standard': '3.0.1', 'istanbul': '0.4.5', 'mocha': '1.21.5'}",57,56819170.0,142566.2983828006,76,0.9174246488689691,0.5121350621691926,0.1628184395285237
60,ipaddr.js,2.0.0,A library for manipulating IPv4 and IPv6 addresses in JavaScript.,"['ip', 'ipv4', 'ipv6']",,"{'eslint': '*', 'mocha': '*', 'uglify-es': '*'}",542,65405833.0,140752.55631659064,325,0.9554165595786436,0.6056347598219332,0.999894531306083
61,range-parser,1.2.1,Range header field string parser,"['range', 'parser', 'http']",,"{'deep-equal': '1.0.1', 'eslint': '5.16.0', 'eslint-config-standard': '12.0.0', 'eslint-plugin-markdown': '1.0.0', 'eslint-plugin-import': '2.17.2', 'eslint-plugin-node': '8.0.1', 'eslint-plugin-promise': '4.1.1', 'eslint-plugin-standard': '4.0.0', 'mocha': '6.1.4', 'nyc': '14.1.1'}",111,70353098.0,154761.7613584475,417,0.8999999999999999,0.5791562382951806,0.999894531306083
62,send,0.17.1,Better streaming static file server with Range and conditional-GET support,"['static', 'file', 'server']","{'debug': '2.6.9', 'depd': '~1.1.2', 'destroy': '~1.0.4', 'encodeurl': '~1.0.2', 'escape-html': '~1.0.3', 'etag': '~1.8.1', 'fresh': '0.5.2', 'http-errors': '~1.7.2', 'mime': '1.6.0', 'ms': '2.1.1', 'on-finished': '~2.3.0', 'range-parser': '~1.2.1', 'statuses': '~1.5.0'}","{'after': '0.8.2', 'eslint': '5.16.0', 'eslint-config-standard': '12.0.0', 'eslint-plugin-import': '2.17.2', 'eslint-plugin-markdown': '1.0.0', 'eslint-plugin-node': '8.0.1', 'eslint-plugin-promise': '4.1.1', 'eslint-plugin-standard': '4.0.0', 'istanbul': '0.4.5', 'mocha': '6.1.4', 'supertest': '4.0.2'}",937,72122947.33333333,151748.87243150698,796,0.7575636003502269,0.6575991612701511,0.2047933059655169
63,destroy,1.0.4,destroy a stream if possible,"['stream', 'streams', 'destroy', 'cleanup', 'leak', 'fd']",,"{'istanbul': '0.4.2', 'mocha': '2.3.4'}",65,63013604.0,151914.07817732106,257,0.9831014645372192,0.5505217754129547,0.9998931930652348
64,mime,2.5.2,A comprehensive library for mime-type mapping,"['util', 'mime']",,"{'benchmark': '*', 'chalk': '4.1.0', 'eslint': '7.20.0', 'mime-db': '1.46.0', 'mime-score': '1.2.0', 'mime-types': '2.1.28', 'mocha': '8.3.0', 'runmd': '*', 'standard-version': '9.1.0'}",2095,148715774.33333334,449099.9705289195,4539,0.9303561122886091,0.7844512487432704,0.999894531306083
65,serve-static,1.14.1,Serve static files,,"{'encodeurl': '~1.0.2', 'escape-html': '~1.0.3', 'parseurl': '~1.3.3', 'send': '0.17.1'}","{'eslint': '5.16.0', 'eslint-config-standard': '12.0.0', 'eslint-plugin-import': '2.17.2', 'eslint-plugin-markdown': '1.0.0', 'eslint-plugin-node': '8.0.1', 'eslint-plugin-promise': '4.1.1', 'eslint-plugin-standard': '4.0.0', 'istanbul': '0.4.5', 'mocha': '6.1.4', 'safe-buffer': '5.1.2', 'supertest': '4.0.2'}",1561,69492440.33333333,148891.35416666663,1996,0.8990034635145439,0.7103456218467479,0.36373484155912966
66,utils-merge,1.0.1,merge() utility function,['util'],,"{'make-node': '0.3.x', 'mocha': '1.x.x', 'chai': '1.x.x'}",94,68807872.66666667,165652.61385083722,487,0.989472659492533,0.5817329496783588,0.999894531306083
67,vary,1.1.2,Manipulate the HTTP Vary header,"['http', 'res', 'vary']",,"{'beautify-benchmark': '0.2.4', 'benchmark': '2.1.4', 'eslint': '3.19.0', 'eslint-config-standard': '10.2.1', 'eslint-plugin-import': '2.7.0', 'eslint-plugin-markdown': '1.0.0-beta.6', 'eslint-plugin-node': '5.1.1', 'eslint-plugin-promise': '3.5.0', 'eslint-plugin-standard': '3.0.1', 'istanbul': '0.4.5', 'mocha': '2.5.3', 'supertest': '1.1.0'}",77,65846362.666666664,151474.829109589,342,0.9995248552319843,0.5636005862415323,0.9999405727453268
68,request,2.88.2,Simplified HTTP request client.,"['http', 'simple', 'util', 'utility']","{'aws-sign2': '~0.7.0', 'aws4': '^1.8.0', 'caseless': '~0.12.0', 'combined-stream': '~1.0.6', 'extend': '~3.0.2', 'forever-agent': '~0.6.1', 'form-data': '~2.3.2', 'har-validator': '~5.1.3', 'http-signature': '~1.2.0', 'is-typedarray': '~1.0.0', 'isstream': '~0.1.2', 'json-stringify-safe': '~5.0.1', 'mime-types': '~2.1.19', 'oauth-sign': '~0.9.0', 'performance-now': '^2.1.0', 'qs': '~6.5.2', 'safe-buffer': '^5.1.2', 'tough-cookie': '~2.5.0', 'tunnel-agent': '^0.6.0', 'uuid': '^3.3.2'}","{'bluebird': '^3.2.1', 'browserify': '^13.0.1', 'browserify-istanbul': '^2.0.0', 'buffer-equal': '^1.0.0', 'codecov': '^3.0.4', 'coveralls': '^3.0.2', 'function-bind': '^1.0.2', 'karma': '^3.0.0', 'karma-browserify': '^5.0.1', 'karma-cli': '^1.0.0', 'karma-coverage': '^1.0.0', 'karma-phantomjs-launcher': '^1.0.0', 'karma-tap': '^3.0.1', 'nyc': '^14.1.1', 'phantomjs-prebuilt': '^2.1.3', 'rimraf': '^2.2.8', 'server-destroy': '^1.0.1', 'standard': '^9.0.0', 'tape': '^4.6.0', 'taper': '^0.5.0'}",30193,106585583.33333333,238513.02741628606,39848,0.5802809821014391,0.9469474782765563,0.24261380700299123
69,aws-sign2,0.7.0,"AWS signing. Originally pulled from LearnBoost/knox, maintained as vendor in request, now a standalone module.",,,,57,82587639.66666667,246300.5209474886,152,0.34131539183763915,0.5479306083746577,0.16666666666666666
70,aws4,1.11.0,Signs and prepares requests using AWS Signature Version 4,,,"{'mocha': '^2.5.3', 'should': '^8.4.0'}",728,95870380.66666667,264970.2344178081,325,0.9384805734490095,0.6335930665370013,0.6483253490876747
71,caseless,0.12.0,"Caseless object set/get/has, very useful when working with HTTP headers.","['headers', 'http', 'caseless']",,{'tape': '^2.10.2'},127,82488233.0,238146.35557458142,203,0.7063598583957391,0.5701378632796238,0.16666666666666666
72,combined-stream,1.0.8,A stream that emits multiple other streams one after another.,,{'delayed-stream': '~1.0.0'},{'far': '~0.0.7'},192,100937549.0,269240.5502473363,263,0.8179011286168503,0.5927164408750698,0.999894531306083
73,delayed-stream,1.0.0,Buffers events from a stream until you are ready to handle them.,,,"{'fake': '0.2.0', 'far': '0.0.1'}",74,84645003.66666667,238542.84756468807,119,0.8179011286168503,0.5461995748803925,0.999894531306083
74,extend,3.0.2,Port of jQuery.extend for node.js and the browser,"['extend', 'clone', 'merge']",,"{'@ljharb/eslint-config': '^12.2.1', 'covert': '^1.1.0', 'eslint': '^4.19.1', 'jscs': '^3.0.7', 'tape': '^4.9.1'}",470,97152561.33333333,315042.9866818874,3797,0.8262545980086244,0.7176471509590323,0.18031565769155816
75,forever-agent,0.6.1,"HTTP Agent that keeps socket connections alive between keep-alive requests. Formerly part of mikeal/request, now a standalone module.",,,,127,83280228.66666667,289572.0550799087,164,0.35055738090281563,0.5667971599706028,0.15747577844835658
76,form-data,4.0.0,"A library to create readable ""multipart/form-data"" streams. Can be used to submit forms and file uploads to other web applications.",,"{'asynckit': '^0.4.0', 'combined-stream': '^1.0.8', 'mime-types': '^2.1.12'}","{'@types/node': '^12.0.10', 'browserify': '^13.1.1', 'browserify-istanbul': '^2.0.0', 'coveralls': '^3.0.4', 'cross-spawn': '^6.0.5', 'eslint': '^6.0.1', 'fake': '^0.2.2', 'far': '^0.0.7', 'formidable': '^1.0.17', 'in-publish': '^2.0.0', 'is-node-modern': '^1.0.0', 'istanbul': '^0.4.5', 'obake': '^0.1.2', 'puppeteer': '^1.19.0', 'pkgfiles': '^2.3.0', 'pre-commit': '^1.1.3', 'request': '^2.88.0', 'rimraf': '^2.7.1', 'tape': '^4.6.2', 'typescript': '^3.5.2'}",2085,126327645.66666667,361397.37182267883,2942,0.9657041687834501,0.7620951505522794,0.38322239711155726
77,asynckit,0.4.0,"Minimal async jobs utility library, with streams support","['async', 'jobs', 'parallel', 'serial', 'iterator', 'array', 'object', 'stream', 'destroy', 'terminate', 'abort']",,"{'browserify': '^13.0.0', 'browserify-istanbul': '^2.0.0', 'coveralls': '^2.11.9', 'eslint': '^2.9.0', 'istanbul': '^0.4.3', 'obake': '^0.1.2', 'phantomjs-prebuilt': '^2.1.7', 'pre-commit': '^1.1.3', 'reamde': '^1.1.0', 'rimraf': '^2.5.2', 'size-table': '^0.2.0', 'tap-spec': '^4.1.1', 'tape': '^4.5.1'}",26,81550131.66666667,269471.71052130917,117,0.8980192393885508,0.5303407496068114,0.49955821482658147
78,har-validator,5.1.5,Extremely fast HTTP Archive (HAR) validator using JSON Schema,"['har', 'cli', 'ajv', 'http', 'archive', 'validate', 'validator']","{'ajv': '^6.12.3', 'har-schema': '^2.0.0'}",{'tap': '^14.10.8'},93,105331431.0,311394.84904870624,188,0.48598142060571536,0.5704396624875527,0.8158503653721523
79,ajv,8.0.5,Another JSON Schema Validator,"['JSON', 'schema', 'validator', 'validation', 'jsonschema', 'json-schema', 'json-schema-validator', 'json-schema-validation']","{'fast-deep-equal': '^3.1.1', 'json-schema-traverse': '^1.0.0', 'require-from-string': '^2.0.2', 'uri-js': '^4.2.2'}","{'@ajv-validator/config': '^0.3.0', '@types/chai': '^4.2.12', '@types/mocha': '^8.0.3', '@types/node': '^14.0.27', '@types/require-from-string': '^1.2.0', '@typescript-eslint/eslint-plugin': '^3.8.0', '@typescript-eslint/parser': '^3.8.0', '@vuepress/shared-utils': '^1.8.2', 'ajv-formats': '^2.0.0', 'browserify': '^17.0.0', 'chai': '^4.0.1', 'cross-env': '^7.0.2', 'dayjs': '^1.10.4', 'dayjs-plugin-utc': '^0.1.2', 'eslint': '^7.8.1', 'eslint-config-prettier': '^7.0.0', 'glob': '^7.0.0', 'husky': '^6.0.0', 'if-node-version': '^1.0.0', 'jimp': '^0.16.1', 'js-beautify': '^1.7.3', 'json-schema-test': '^2.0.0', 'karma': '^5.0.0', 'karma-chrome-launcher': '^3.0.0', 'karma-mocha': '^2.0.0', 'lint-staged': '^10.2.11', 'mocha': '^8.0.1', 'node-fetch': '^2.6.1', 'nyc': '^15.0.0', 'prettier': '^2.0.5', 'terser': '^5.2.1', 'ts-node': '^9.0.0', 'tsify': '^5.0.2', 'typescript': '^4.2.0', 'vuepress': '^1.8.2'}",9966,191566631.33333334,657000.9657914764,3998,0.9891505770778403,0.8468669952996192,0.9881814871757449
80,fast-deep-equal,3.1.3,Fast deep equal,"['fast', 'equal', 'deep-equal']",,"{'coveralls': '^3.1.0', 'dot': '^1.1.2', 'eslint': '^7.2.0', 'mocha': '^7.2.0', 'nyc': '^15.1.0', 'pre-commit': '^1.2.2', 'react': '^16.12.0', 'react-test-renderer': '^16.12.0', 'sinon': '^9.0.2', 'typescript': '^3.9.5'}",1268,128269829.0,355387.8770357687,964,0.9883321884477054,0.6985764859322597,0.7770079083043586
81,json-schema-traverse,1.0.0,Traverse JSON Schema passing each schema object to callback,"['JSON-Schema', 'traverse', 'iterate']",,"{'eslint': '^7.3.1', 'mocha': '^8.0.1', 'nyc': '^15.0.0', 'pre-commit': '^1.2.2'}",94,112821741.66666667,430947.98449391185,159,0.9651516435598085,0.5701220467310566,0.9998931930652348
82,require-from-string,2.0.2,Require module from string,,,{'mocha': '*'},280,14691907.0,108616.78508371384,376,0.9554165595786436,0.5317654969991442,0.999894531306083
83,uri-js,4.4.1,"An RFC 3986/3987 compliant, scheme extendable URI/IRI parsing/validating/resolving library for JavaScript.","['URI', 'IRI', 'IDN', 'URN', 'UUID', 'HTTP', 'HTTPS', 'WS', 'WSS', 'MAILTO', 'RFC3986', 'RFC3987', 'RFC5891', 'RFC2616', 'RFC2818', 'RFC2141', 'RFC4122', 'RFC4291', 'RFC5952', 'RFC6068', 'RFC6455', 'RFC6874']",{'punycode': '^2.1.0'},"{'babel-cli': '^6.26.0', 'babel-plugin-external-helpers': '^6.22.0', 'babel-preset-latest': '^6.24.1', 'mocha': '^8.2.1', 'mocha-qunit-ui': '^0.1.3', 'rollup': '^0.41.6', 'rollup-plugin-babel': '^2.7.1', 'rollup-plugin-node-resolve': '^2.0.0', 'sorcery': '^0.10.0', 'typescript': '^2.8.1', 'uglify-js': '^2.8.14'}",307,102381758.66666667,392833.11508751893,254,0.8179011286168503,0.6069723223466458,0.999894531306083
84,punycode,2.1.1,"A robust Punycode converter that fully complies to RFC 3492 and RFC 5891, and works on nearly all JavaScript platforms.","['punycode', 'unicode', 'idn', 'idna', 'dns', 'url', 'domain']",,"{'codecov': '^1.0.1', 'istanbul': '^0.4.1', 'mocha': '^2.5.3'}",1453,188749813.0,466682.3242009131,423,0.9697772964422595,0.6798412558164123,0.22224902561329812
85,har-schema,2.0.0,JSON Schema for HTTP Archive (HAR),"['har', 'http', 'archive', 'JSON', 'schema', 'JSON-schema']",,"{'ajv': '^5.0.0', 'codeclimate-test-reporter': '^0.4.0', 'cz-conventional-changelog': '^1.2.0', 'echint': '^2.1.0', 'semantic-release': '^6.3.2', 'snazzy': '^5.0.0', 'tap': '^8.0.1'}",32,86285518.66666667,262236.89044901065,110,0.955959173302494,0.5326812699510219,0.999894531306083
86,http-signature,1.3.5,Reference implementation of Joyent's HTTP Signature scheme.,"['https', 'request']","{'assert-plus': '^1.0.0', 'jsprim': '^1.2.2', 'sshpk': '^1.14.1'}","{'tap': '0.4.2', 'uuid': '^2.0.2'}",588,88418316.0,266538.32739726035,208,0.854670672940436,0.6118854198016338,0.6224578796303958
87,assert-plus,1.0.0,Extra assertions on top of node's assert module,,,"{'tape': '4.2.2', 'faucet': '0.0.1'}",197,87974324.0,250655.5004756468,563,0.8635785628206563,0.6144366541164955,0.9998926112097501
88,jsprim,2.0.0,utilities for primitive JavaScript types,,"{'assert-plus': '1.0.0', 'extsprintf': '1.3.0', 'json-schema': '0.2.3', 'verror': '1.10.0'}",,97,80429182.0,248795.72431506845,156,0.7066579895999257,0.5574803934009757,0.4225469285091975
89,extsprintf,1.4.0,extended POSIX-style sprintf,,,,88,121938663.0,364768.1270928463,160,0.7669941828866835,0.5690942604300328,0.7382044526010588
90,json-schema,0.3.0,JSON Schema validation and specifications,"['json', 'schema']",,{'vows': '*'},673,88338745.66666667,263109.5676179604,309,0.7247469832779041,0.6276733352247592,0.521291235703385
91,verror,1.10.0,richer JavaScript errors,,"{'assert-plus': '^1.0.0', 'core-util-is': '1.0.2', 'extsprintf': '^1.2.0'}",,1194,81213054.0,249952.91071156785,702,0.8284659197911706,0.6715526241489225,0.999894531306083
92,core-util-is,1.0.2,The `util.is*` functions introduced in Node v0.12.,"['util', 'isBuffer', 'isArray', 'isNumber', 'isString', 'isRegExp', 'isThis', 'isThat', 'polyfill']",,{'tap': '^2.3.0'},131,99023832.0,375733.9001522071,373,0.7241605412780683,0.5984997394822209,0.9998651952945008
93,sshpk,1.16.1,A library for finding and using SSH public keys,,"{'asn1': '~0.2.3', 'assert-plus': '^1.0.0', 'dashdash': '^1.12.0', 'getpass': '^0.1.1', 'safer-buffer': '^2.0.2', 'jsbn': '~0.1.0', 'tweetnacl': '~0.14.0', 'ecc-jsbn': '~0.1.1', 'bcrypt-pbkdf': '^1.0.0'}","{'tape': '^3.5.0', 'benchmark': '^1.0.0', 'sinon': '^1.17.2', 'temp': '^0.8.2'}",225,82632156.33333333,243870.2457952816,174,0.8100845241504517,0.5786781682626904,0.4224067047325843
94,asn1,0.2.4,Contains parsers and serializers for ASN.1 (currently BER only),,{'safer-buffer': '~2.1.0'},"{'istanbul': '^0.3.6', 'faucet': '0.0.1', 'tape': '^3.5.0', 'eslint': '2.13.1', 'eslint-plugin-joyent': '~1.3.0'}",145,83846014.0,249511.45424276998,181,0.7500293981835684,0.5706383898787547,0.422140601210082
95,dashdash,2.0.0,"A light, featureful and explicit option parsing library.","['option', 'parser', 'parsing', 'cli', 'command', 'args', 'bash', 'completion']",{'assert-plus': '^1.0.0'},"{'eslint': '^7.3.0', 'eslint-config-prettier': '^6.11.0', 'eslint-plugin-prettier': '^3.1.4', 'prettier': '^2.0.5', 'tap': '^14.x'}",197,83857015.0,293294.2597602741,274,0.8448893104859356,0.5913946905956594,0.6442473996306531
96,getpass,0.1.7,getpass for node.js,,{'assert-plus': '^1.0.0'},"{'json': '^9.0.3', 'pty.js': '^0.3.0', 'tape': '^4.4.0'}",26,82915060.33333333,252831.95519406395,116,0.7247469832779041,0.5297532518082071,0.4207946708485507
97,jsbn,1.1.0,"The jsbn library is a fast, portable implementation of large-number math in pure JavaScript, enabling public-key crypto and other applications on desktop and mobile browsers.","['biginteger', 'bignumber', 'big', 'integer']",,,194,85067796.66666667,295780.0941971082,269,0.5230118181309146,0.5909217020542921,0.16050671074549636
98,tweetnacl,1.0.3,Port of TweetNaCl cryptographic library to JavaScript,"['crypto', 'cryptography', 'curve25519', 'ed25519', 'encrypt', 'hash', 'key', 'nacl', 'poly1305', 'public', 'salsa20', 'signatures']",,"{'browserify': '^16.2.3', 'eslint': '^6.8.0', 'faucet': '^0.0.1', 'tap-browser-color': '^0.1.2', 'tape': '^4.13.0', 'tweetnacl-util': '^0.15.0', 'uglify-js': '^3.7.5'}",1446,81810954.66666667,279578.02678843227,806,0.9860928063005356,0.6848940613080133,0.999894531306083
99,ecc-jsbn,0.2.0,ECC JS code based on JSBN,"['jsbn', 'ecc', 'browserify']",{'jsbn': '~0.1.0'},,35,80467445.66666667,251530.9019216135,114,0.6359802316110318,0.5326241694808609,0.16666666666666666
100,bcrypt-pbkdf,1.0.2,Port of the OpenBSD bcrypt_pbkdf function to pure JS,,{'tweetnacl': '^0.14.3'},,56,81090849.66666667,248297.48443683411,109,0.5026014205757687,0.5387541889445542,0.4225469285091975
101,is-typedarray,1.0.0,Detect whether or not an object is a Typed Array,"['typed', 'array', 'detect', 'is', 'util']",,{'tape': '^2.13.1'},33,91985736.66666667,294045.3049086757,183,0.8918654227445982,0.5493046155454994,0.9998651952945008
102,isstream,0.1.2,Determine if an object is a Stream,"['stream', 'type', 'streams', 'readable-stream', 'hippo']",,"{'tape': '~2.12.3', 'core-util-is': '~1.0.0', 'isarray': '0.0.1', 'string_decoder': '~0.10.x', 'inherits': '~2.0.1'}",79,80705870.66666667,250690.84589041106,233,0.8804035937386387,0.5652009528237678,0.16626033936755116
103,json-stringify-safe,5.0.1,"Like JSON.stringify, but doesn't blow up on circular refs.","['json', 'stringify', 'circular', 'safe']",,"{'mocha': '>= 2.1.0 < 3', 'must': '>= 0.12 < 0.13', 'sinon': '>= 1.12.2 < 2'}",577,89729754.0,280560.98727168946,1062,0.8284659197911706,0.6678791915034188,0.999894531306083
104,oauth-sign,0.9.0,"OAuth 1 signing. Formerly a vendor lib in mikeal/request, now a standalone module.",,,,104,86580758.33333333,232073.27500000002,177,0.6749056487488316,0.5631444370353754,0.16666532842581852
105,performance-now,2.1.0,Implements performance.now (based on process.hrtime).,,,"{'bluebird': '^3.4.7', 'call-delayed': '^1.0.0', 'chai': '^3.5.0', 'chai-increasing': '^1.2.0', 'coffee-script': '~1.12.2', 'mocha': '~3.2.0', 'pre-commit': '^1.2.2'}",18,85021462.0,251610.31071156764,437,0.1989849939146585,0.5645477127207398,0.0
106,tough-cookie,4.0.0,RFC6265 Cookies and Cookie Jar for node.js,"['HTTP', 'cookie', 'cookies', 'set-cookie', 'cookiejar', 'jar', 'RFC6265', 'RFC2965']","{'psl': '^1.1.33', 'punycode': '^2.1.1', 'universalify': '^0.1.2'}","{'async': '^2.6.2', 'eslint': '^5.16.0', 'eslint-config-prettier': '^4.2.0', 'eslint-plugin-prettier': '^3.0.1', 'genversion': '^2.1.0', 'nyc': '^14.0.0', 'prettier': '^1.17.0', 'vows': '^0.8.2'}",875,156365768.33333334,525379.9671042617,925,0.9563034204213344,0.6898251290960715,0.999894531306083
107,psl,1.8.0,Domain name parser based on the Public Suffix List,"['publicsuffix', 'publicsuffixlist']",,"{'JSONStream': '^1.3.5', 'browserify': '^16.5.0', 'commit-and-pr': '^1.0.4', 'eslint': '^6.8.0', 'eslint-config-hapi': '^12.0.0', 'eslint-plugin-hapi': '^4.1.0', 'karma': '^4.4.1', 'karma-browserify': '^7.0.0', 'karma-mocha': '^1.3.0', 'karma-mocha-reporter': '^2.2.5', 'karma-phantomjs-launcher': '^1.0.4', 'mocha': '^7.1.1', 'phantomjs-prebuilt': '^2.1.16', 'request': '^2.88.2', 'uglify-js': '^3.8.0', 'watchify': '^3.11.1'}",288,99073791.66666667,274214.9529299849,146,0.9332214989336411,0.5854857184099833,0.4160221721647134
108,universalify,2.0.0,Make a callback- or promise-based function support both promises and callbacks.,"['callback', 'native', 'promise']",,"{'colortape': '^0.1.2', 'coveralls': '^3.0.1', 'nyc': '^15.0.0', 'standard': '^14.3.1', 'tape': '^5.0.1'}",104,120324464.33333333,659400.637043379,150,0.989472659492533,0.5735322902474717,0.999894531306083
109,tunnel-agent,0.6.0,"HTTP proxy tunneling agent. Formerly part of mikeal/request, now a standalone module.",,{'safe-buffer': '^5.0.1'},,222,85935653.0,255493.8148782344,246,0.395716488373833,0.5898554940229885,0.1383083798947162
110,uuid,8.3.2,"RFC4122 (v1, v4, and v5) UUIDs","['uuid', 'guid', 'rfc4122']",,"{'@babel/cli': '7.11.6', '@babel/core': '7.11.6', '@babel/preset-env': '7.11.5', '@commitlint/cli': '11.0.0', '@commitlint/config-conventional': '11.0.0', '@rollup/plugin-node-resolve': '9.0.0', 'babel-eslint': '10.1.0', 'bundlewatch': '0.3.1', 'eslint': '7.10.0', 'eslint-config-prettier': '6.12.0', 'eslint-config-standard': '14.1.1', 'eslint-plugin-import': '2.22.1', 'eslint-plugin-node': '11.1.0', 'eslint-plugin-prettier': '3.1.4', 'eslint-plugin-promise': '4.2.1', 'eslint-plugin-standard': '4.0.1', 'husky': '4.3.0', 'jest': '25.5.4', 'lint-staged': '10.4.0', 'npm-run-all': '4.1.5', 'optional-dev-dependency': '2.0.1', 'prettier': '2.1.2', 'random-seed': '0.3.0', 'rollup': '2.28.2', 'rollup-plugin-terser': '7.0.2', 'runmd': '1.3.2', 'standard-version': '9.0.0'}",11936,189260313.66666666,757490.8933028921,19604,0.8800019535154213,0.9127906024560217,0.9768316180993946
111,commander,7.2.0,the complete solution for node.js command-line programs,"['commander', 'command', 'option', 'parser', 'cli', 'argument', 'args', 'argv']",,"{'@types/jest': '^26.0.20', '@types/node': '^14.14.20', '@typescript-eslint/eslint-plugin': '^4.12.0', '@typescript-eslint/parser': '^4.12.0', 'eslint': '^7.17.0', 'eslint-config-standard': '^16.0.2', 'eslint-plugin-jest': '^24.1.3', 'jest': '^26.6.3', 'standard': '^16.0.3', 'ts-jest': '^26.5.1', 'tsd': '^0.14.0', 'typescript': '^4.1.2'}",22777,232739759.33333334,692155.4430365297,46006,0.9616791488638115,0.9544743970806742,0.9999539415004948
112,moment,2.29.1,"Parse, validate, manipulate, and display dates","['moment', 'date', 'time', 'parse', 'format', 'validate', 'i18n', 'l10n', 'ender']",,"{'benchmark': 'latest', 'coveralls': 'latest', 'cross-env': '^6.0.3', 'es6-promise': 'latest', 'eslint': '~6', 'grunt': 'latest', 'grunt-benchmark': 'latest', 'grunt-cli': 'latest', 'grunt-contrib-clean': 'latest', 'grunt-contrib-concat': 'latest', 'grunt-contrib-copy': 'latest', 'grunt-contrib-uglify': 'latest', 'grunt-contrib-watch': 'latest', 'grunt-env': 'latest', 'grunt-exec': 'latest', 'grunt-karma': 'latest', 'grunt-nuget': 'latest', 'grunt-string-replace': 'latest', 'karma': 'latest', 'karma-chrome-launcher': 'latest', 'karma-firefox-launcher': 'latest', 'karma-qunit': 'latest', 'karma-sauce-launcher': '4.1.4', 'load-grunt-tasks': 'latest', 'lodash': '>=4.17.19', 'node-qunit': 'latest', 'nyc': 'latest', 'prettier': 'latest', 'qunit': '^2.10.0', 'rollup': '2.17.1', 'typescript': '^1.8.10', 'typescript3': 'npm:typescript@^3.1.6', 'uglify-js': 'latest'}",54427,72876354.66666667,207710.55313926947,31067,0.9976082318476197,0.9505469658454319,0.783758562127655
